﻿designator,quantity,value,pack,mpn,mount_type
A1,1,Arduino_Nano_v3.x,Arduino_Nano,,tht
"J1, J10, J11, J12, J2, J3, J4, J5, J6, J7, J8, J9",12,Conn_01x03_Socket,JST_XH_B3B-XH-A_1x03_P2.50mm_Vertical,,tht
J13,1,Conn_01x10_Socket,JST_XH_B10B-XH-A_1x10_P2.50mm_Vertical,,tht
J14,1,Conn_01x06_Socket,PinHeader_1x06_P2.54mm_Vertical,,tht
"J15, J16",2,Conn_01x02_Socket,PinHeader_1x02_P2.54mm_Vertical,,tht
"R1, R2, R3, R4",4,R,R_Axial_DIN0309_L9.0mm_D3.2mm_P2.54mm_Vertical,,tht
U1,1,74HC595,DIP-16_W7.62mm_Socket,,tht
