﻿pos_x,pos_y,rotation,side,designator,mpn,pack,value,mount_type,place
58.42,-60.96,0.0,top,A1,,Arduino_Nano,Arduino_Nano_v3.x,tht,True
119.38,-66.04,0.0,top,J1,,JST_XH_B3B-XH-A_1x03_P2.50mm_Vertical,Conn_01x03_Socket,tht,True
149.86,-76.2,0.0,top,J10,,JST_XH_B3B-XH-A_1x03_P2.50mm_Vertical,Conn_01x03_Socket,tht,True
149.82,-86.36,0.0,top,J11,,JST_XH_B3B-XH-A_1x03_P2.50mm_Vertical,Conn_01x03_Socket,tht,True
149.86,-96.52,0.0,top,J12,,JST_XH_B3B-XH-A_1x03_P2.50mm_Vertical,Conn_01x03_Socket,tht,True
124.46,-50.8,0.0,top,J13,,JST_XH_B10B-XH-A_1x10_P2.50mm_Vertical,Conn_01x10_Socket,tht,True
60.96,-50.8,90.0,top,J14,,PinHeader_1x06_P2.54mm_Vertical,Conn_01x06_Socket,tht,True
50.8,-68.58,0.0,top,J15,,PinHeader_1x02_P2.54mm_Vertical,Conn_01x02_Socket,tht,True
50.8,-78.74,0.0,top,J16,,PinHeader_1x02_P2.54mm_Vertical,Conn_01x02_Socket,tht,True
119.38,-76.2,0.0,top,J2,,JST_XH_B3B-XH-A_1x03_P2.50mm_Vertical,Conn_01x03_Socket,tht,True
119.38,-86.36,0.0,top,J3,,JST_XH_B3B-XH-A_1x03_P2.50mm_Vertical,Conn_01x03_Socket,tht,True
119.38,-96.52,0.0,top,J4,,JST_XH_B3B-XH-A_1x03_P2.50mm_Vertical,Conn_01x03_Socket,tht,True
134.62,-66.04,0.0,top,J5,,JST_XH_B3B-XH-A_1x03_P2.50mm_Vertical,Conn_01x03_Socket,tht,True
134.62,-76.2,0.0,top,J6,,JST_XH_B3B-XH-A_1x03_P2.50mm_Vertical,Conn_01x03_Socket,tht,True
134.62,-86.36,0.0,top,J7,,JST_XH_B3B-XH-A_1x03_P2.50mm_Vertical,Conn_01x03_Socket,tht,True
134.62,-96.52,0.0,top,J8,,JST_XH_B3B-XH-A_1x03_P2.50mm_Vertical,Conn_01x03_Socket,tht,True
149.82,-66.04,0.0,top,J9,,JST_XH_B3B-XH-A_1x03_P2.50mm_Vertical,Conn_01x03_Socket,tht,True
104.06,-66.04,0.0,top,R1,,R_Axial_DIN0309_L9.0mm_D3.2mm_P2.54mm_Vertical,R,tht,True
104.06,-76.2,0.0,top,R2,,R_Axial_DIN0309_L9.0mm_D3.2mm_P2.54mm_Vertical,R,tht,True
104.06,-86.36,0.0,top,R3,,R_Axial_DIN0309_L9.0mm_D3.2mm_P2.54mm_Vertical,R,tht,True
104.06,-96.52,0.0,top,R4,,R_Axial_DIN0309_L9.0mm_D3.2mm_P2.54mm_Vertical,R,tht,True
85.1,-72.38,0.0,top,U1,,DIP-16_W7.62mm_Socket,74HC595,tht,True
